[{"Id":1,"Brand":"Armani","Model":"Stronger With You Intensely","Scent":"Waniliowy pieprz","Amount":null},{"Id":2,"Brand":"Dior","Model":"Sauvage Elixir","Scent":"Drzewno-przyprawowy","Amount":null},{"Id":3,"Brand":"Chanel","Model":"Bleu de Chanel","Scent":"Cytrusowo-drzewny","Amount":null},{"Id":4,"Brand":"Versace","Model":"Eros Flame","Scent":"Drzewno-orientalny","Amount":null},{"Id":5,"Brand":"YSL","Model":"La Nuit de l\u2019Homme","Scent":"Korzenny, lawendowy","Amount":null},{"Id":6,"Brand":"Paco Rabanne","Model":"1 Million","Scent":"Cynamon, sk\u00F3ra, ambra","Amount":null},{"Id":7,"Brand":"Hugo Boss","Model":"Bottled Night","Scent":"Aromatyczny, drzewny","Amount":null},{"Id":8,"Brand":"Calvin Klein","Model":"Euphoria Men","Scent":"Imbir, pieprz, ambra","Amount":null},{"Id":9,"Brand":"Montblanc","Model":"Explorer","Scent":"Drzewny, aromatyczny","Amount":null},{"Id":10,"Brand":"Jean Paul Gaultierr","Model":"Le Malee","Scent":"Mi\u0119towy, lawendowy, waniliowy","Amount":120}]